{"2015-01 to 2016-01": 0.47619047619047616, "2015-02 to 2016-02": 0.31481481481481477, "2015-03 to 2016-03": 0.4838709677419355}