{"2015-01 to 2016-01": 0.6666666666666666, "2015-02 to 2016-02": 0.48850574712643674, "2015-03 to 2016-03": 0.4583333333333333}